{
  "sharpeRatio": 1.84,
  "sharpeRatioNote": "Insufficient data for accurate calculation (needs 30+ bets with consistent unit sizing)",
  "calmarRatio": 2.15,
  "maxDrawdown": -250,
  "avgWin": 138.18498334998336,
  "avgLoss": -143.1818181818182,
  "avgProfitPerBet": -19.189661016949152,
  "medianProfit": -100,
  "largestWin": 223.21428571428572,
  "largestLoss": -250,
  "profitFactor": 0.7603829771639296,
  "unitEfficiency": -12.976389684813752,
  "closingLineValue": 5.2,
  "closingLineValueNote": "Average: +5.2¢",
  "kellyUtilization": 38,
  "maxWinStreak": 4,
  "maxLossStreak": 4,
  "totalWinnings": 3592.809567099567,
  "totalLossesAmount": 4725,
  "sportBreakdown": {
    "NBA": {
      "sport": "NBA",
      "emoji": "🏀",
      "record": {
        "wins": 10,
        "losses": 12,
        "total": 22
      },
      "roi": -19.459016393442624,
      "netPL": -593.5,
      "unitsWon": -5.935,
      "gamesAnalyzed": 22,
      "totalGames": 22
    },
    "NFL": {
      "sport": "NFL",
      "emoji": "🏈",
      "record": {
        "wins": 10,
        "losses": 16,
        "total": 26
      },
      "roi": -20.271168831168833,
      "netPL": -765.2366233766234,
      "unitsWon": -7.652366233766234,
      "gamesAnalyzed": 26,
      "totalGames": 26
    },
    "NCAAB": {
      "sport": "NCAAB",
      "emoji": "🎓",
      "record": {
        "wins": 2,
        "losses": 3,
        "total": 5
      },
      "roi": -19.60750700280112,
      "netPL": -166.6638095238095,
      "unitsWon": -1.666638095238095,
      "gamesAnalyzed": 5,
      "totalGames": 5
    },
    "NCAAF": {
      "sport": "NCAAF",
      "emoji": "🏟️",
      "record": {
        "wins": 4,
        "losses": 2,
        "total": 6
      },
      "roi": 37.448571428571434,
      "netPL": 393.21000000000004,
      "unitsWon": 3.9321,
      "gamesAnalyzed": 6,
      "totalGames": 6
    }
  },
  "betTypeBreakdown": {
    "Props": {
      "type": "Props",
      "record": {
        "wins": 18,
        "losses": 22
      },
      "winRate": 45,
      "netPL": -948.6209090909092,
      "roi": -17.01562168772931
    },
    "Spreads": {
      "type": "Spreads",
      "record": {
        "wins": 6,
        "losses": 9
      },
      "winRate": 40,
      "netPL": -288.60380952380945,
      "roi": -12.025158730158726
    },
    "Totals": {
      "type": "Totals",
      "record": {
        "wins": 2,
        "losses": 2
      },
      "winRate": 50,
      "netPL": 105.03428571428572,
      "roi": 14.00457142857143
    }
  },
  "stakeBreakdown": {
    "1u": {
      "record": {
        "wins": 10,
        "losses": 11,
        "total": 21
      },
      "winRate": 47.61904761904761,
      "netPL": -171.70090909090914,
      "totalBets": 21
    },
    "1.5u": {
      "record": {
        "wins": 6,
        "losses": 9,
        "total": 15
      },
      "winRate": 40,
      "netPL": -504.15999999999997,
      "totalBets": 15
    },
    "2u": {
      "record": {
        "wins": 8,
        "losses": 8,
        "total": 16
      },
      "winRate": 50,
      "netPL": -183.11380952380964,
      "totalBets": 16
    },
    "0.75u": {
      "record": {
        "wins": 0,
        "losses": 1,
        "total": 1
      },
      "winRate": 0,
      "netPL": -75,
      "totalBets": 1
    },
    "0.5u": {
      "record": {
        "wins": 0,
        "losses": 2,
        "total": 2
      },
      "winRate": 0,
      "netPL": -100,
      "totalBets": 2
    },
    "2.5u": {
      "record": {
        "wins": 2,
        "losses": 2,
        "total": 4
      },
      "winRate": 50,
      "netPL": -98.21571428571428,
      "totalBets": 4
    }
  },
  "portfolioGrowth": [
    {
      "date": "2025-11-04",
      "balance": 10083.33,
      "profit": 83.33,
      "description": "Booker O28.5 points",
      "result": "win"
    },
    {
      "date": "2025-11-04",
      "balance": 10143.94,
      "profit": 60.61,
      "description": "Murphy III O2.5 3-pointers",
      "result": "win"
    },
    {
      "date": "2025-11-04",
      "balance": 10243.94,
      "profit": 100,
      "description": "Maxey O3.5 3-pointers",
      "result": "win"
    },
    {
      "date": "2025-11-05",
      "balance": 10371.06,
      "profit": 127.12,
      "description": "Randle O20.5 points",
      "result": "win"
    },
    {
      "date": "2025-11-05",
      "balance": 10271.06,
      "profit": -100,
      "description": "Wembanyama O12.5 rebounds",
      "result": "loss"
    },
    {
      "date": "2025-11-06",
      "balance": 10361.97,
      "profit": 90.91,
      "description": "Smith U10.5 rushing yards",
      "result": "win"
    },
    {
      "date": "2025-11-06",
      "balance": 10511.97,
      "profit": 150,
      "description": "Dobbins O70.5 rushing yards",
      "result": "win"
    },
    {
      "date": "2025-11-06",
      "balance": 10361.97,
      "profit": -150,
      "description": "Bowers O64.5 receiving yards",
      "result": "loss"
    },
    {
      "date": "2025-11-06",
      "balance": 10211.97,
      "profit": -150,
      "description": "Illinois State +1.5",
      "result": "loss"
    },
    {
      "date": "2025-11-06",
      "balance": 10354.83,
      "profit": 142.86,
      "description": "Jackson State +38.5",
      "result": "win"
    },
    {
      "date": "2025-11-06",
      "balance": 10154.83,
      "profit": -200,
      "description": "Drake/Robert Morris U150.5",
      "result": "loss"
    },
    {
      "date": "2025-11-07",
      "balance": 10278.83,
      "profit": 124,
      "description": "Barrett O3.5 assists",
      "result": "win"
    },
    {
      "date": "2025-11-07",
      "balance": 10128.83,
      "profit": -150,
      "description": "Jokić U12.5 rebounds",
      "result": "loss"
    },
    {
      "date": "2025-11-07",
      "balance": 10293.83,
      "profit": 165,
      "description": "Banchero O8.5 rebounds",
      "result": "win"
    },
    {
      "date": "2025-11-07",
      "balance": 10143.83,
      "profit": -150,
      "description": "Mitchell U26.5 points",
      "result": "loss"
    },
    {
      "date": "2025-11-07",
      "balance": 9993.83,
      "profit": -150,
      "description": "Thompson U16.5 points",
      "result": "loss"
    },
    {
      "date": "2025-11-07",
      "balance": 10147.68,
      "profit": 153.85,
      "description": "Giddey O8.5 assists",
      "result": "win"
    },
    {
      "date": "2025-11-08",
      "balance": 10047.68,
      "profit": -100,
      "description": "TCU -7.5",
      "result": "loss"
    },
    {
      "date": "2025-11-08",
      "balance": 10178.11,
      "profit": 130.43,
      "description": "Texas A&M -6.5",
      "result": "win"
    },
    {
      "date": "2025-11-08",
      "balance": 10359.93,
      "profit": 181.82,
      "description": "Oregon @ Iowa U41.5",
      "result": "win"
    },
    {
      "date": "2025-11-09",
      "balance": 10159.93,
      "profit": -200,
      "description": "Dowdle O19.5 rush attempts",
      "result": "loss"
    },
    {
      "date": "2025-11-09",
      "balance": 10009.93,
      "profit": -150,
      "description": "Smith-Njigba O96.5 receiving yards",
      "result": "loss"
    },
    {
      "date": "2025-11-09",
      "balance": 10111.93,
      "profit": 102,
      "description": "White O3.5 receptions",
      "result": "win"
    },
    {
      "date": "2025-11-09",
      "balance": 10011.93,
      "profit": -100,
      "description": "Jaguars @ Texans U37.5",
      "result": "loss"
    },
    {
      "date": "2025-11-09",
      "balance": 9911.93,
      "profit": -100,
      "description": "Judkins O81.5 rushing yards",
      "result": "loss"
    },
    {
      "date": "2025-11-09",
      "balance": 9836.93,
      "profit": -75,
      "description": "Collins Anytime TD",
      "result": "loss"
    },
    {
      "date": "2025-11-09",
      "balance": 9786.93,
      "profit": -50,
      "description": "Cook O84.5 rushing yards",
      "result": "loss"
    },
    {
      "date": "2025-11-09",