{
  "sharpeRatio": 1.84,
  "calmarRatio": 2.15,
  "maxDrawdown": -250,
  "avgWin": 133.00606257378988,
  "avgLoss": -139.51612903225808,
  "avgProfitPerBet": -26.343898554275903,
  "medianProfit": -100,
  "largestWin": 223.21428571428572,
  "largestLoss": -250,
  "profitFactor": 0.6771730350574282,
  "unitEfficiency": -18.311168831168825,
  "closingLineValue": 5.2,
  "closingLineValueNote": "Average: +5.2\u00a2",
  "kellyUtilization": 38,
  "maxWinStreak": 4,
  "maxLossStreak": 4,
  "totalWinnings": 2926.133376623377,
  "totalLosses": 31,
  "sportBreakdown": {
    "NBA": {
      "sport": "NBA",
      "emoji": "\ud83c\udfc0",
      "record": {
        "wins": 10,
        "losses": 12,
        "total": 22
      },
      "roi": -19.372459016393442,
      "netPL": -590.86,
      "unitsWon": -5.9086,
      "gamesAnalyzed": 22,
      "totalGames": 22
    },
    "NFL": {
      "sport": "NFL",
      "emoji": "\ud83c\udfc8",
      "record": {
        "wins": 8,
        "losses": 15,
        "total": 23
      },
      "roi": -25.718980866461784,
      "netPL": -842.2966233766233,
      "unitsWon": -8.422966233766234,
      "gamesAnalyzed": 23,
      "totalGames": 23
    },
    "NCAAB": {
      "sport": "NCAAB",
      "emoji": "\ud83c\udf93",
      "record": {
        "wins": 2,
        "losses": 3,
        "total": 5
      },
      "roi": -20.625882352941176,
      "netPL": -175.32,
      "unitsWon": -1.7531999999999999,
      "gamesAnalyzed": 5,
      "totalGames": 5
    },
    "NCAAF": {
      "sport": "NCAAF",
      "emoji": "\ud83c\udfdf\ufe0f",
      "record": {
        "wins": 2,
        "losses": 1,
        "total": 3
      },
      "roi": 47.16666666666667,
      "netPL": 212.25,
      "unitsWon": 2.1225,
      "gamesAnalyzed": 3,
      "totalGames": 3
    }
  },
  "betTypeBreakdown": {
    "Props": {
      "type": "Props",
      "record": {
        "wins": 16,
        "losses": 21
      },
      "winRate": 43.24324324324324,
      "netPL": -1023.040909090909,
      "roi": -20.15844155844156
    },
    "Spreads": {
      "type": "Spreads",
      "record": {
        "wins": 4,
        "losses": 8
      },
      "winRate": 33.33333333333333,
      "netPL": -478.21999999999997,
      "roi": -26.567777777777774
    },
    "Totals": {
      "type": "Totals",
      "record": {
        "wins": 2,
        "losses": 2
      },
      "winRate": 50.0,
      "netPL": 105.03428571428572,
      "roi": 14.00457142857143
    }
  },
  "stakeBreakdown": {
    "0.5u": {
      "record": {
        "wins": 0,
        "losses": 2,
        "total": 2
      },
      "winRate": 0.0,
      "netPL": -100,
      "totalBets": 2
    },
    "0.75u": {
      "record": {
        "wins": 0,
        "losses": 1,
        "total": 1
      },
      "winRate": 0.0,
      "netPL": -75,
      "totalBets": 1
    },
    "1.0u": {
      "record": {
        "wins": 9,
        "losses": 11,
        "total": 20
      },
      "winRate": 45.0,
      "netPL": -266.94090909090914,
      "totalBets": 20
    },
    "1.5u": {
      "record": {
        "wins": 6,
        "losses": 9,
        "total": 15
      },
      "winRate": 40.0,
      "netPL": -504.15999999999997,
      "totalBets": 15
    },
    "2.0u": {
      "record": {
        "wins": 5,
        "losses": 6,
        "total": 11
      },
      "winRate": 45.45454545454545,
      "netPL": -351.91,
      "totalBets": 11
    },
    "2.5u": {
      "record": {
        "wins": 2,
        "losses": 2,
        "total": 4
      },
      "winRate": 50.0,
      "netPL": -98.21571428571428,
      "totalBets": 4
    }
  },
  "portfolioGrowth": [
    {
      "date": "2025-11-04",
      "balance": 10083.33,
      "profit": 83.33,
      "description": "Booker O28.5 points",
      "result": "win"
    },
    {
      "date": "2025-11-04",
      "balance": 10143.94,
      "profit": 60.61,
      "description": "Murphy III O2.5 3-pointers",
      "result": "win"
    },
    {
      "date": "2025-11-04",
      "balance": 10243.94,
      "profit": 100,
      "description": "Maxey O3.5 3-pointers",
      "result": "win"
    },
    {
      "date": "2025-11-05",
      "balance": 10371.06,
      "profit": 127.12,
      "description": "Randle O20.5 points",
      "result": "win"
    },
    {
      "date": "2025-11-05",
      "balance": 10271.06,
      "profit": -100,
      "description": "Wembanyama O12.5 rebounds",
      "result": "loss"
    },
    {
      "date": "2025-11-06",
      "balance": 10361.97,
      "profit": 90.91,
      "description": "Smith U10.5 rushing yards",
      "result": "win"
    },
    {
      "date": "2025-11-06",
      "balance": 10511.97,
      "profit": 150,
      "description": "Dobbins O70.5 rushing yards",
      "result": "win"
    },
    {
      "date": "2025-11-06",
      "balance": 10361.97,
      "profit": -150,
      "description": "Bowers O64.5 receiving yards",
      "result": "loss"
    },
    {
      "date": "2025-11-06",
      "balance": 10211.97,
      "profit": -150,
      "description": "Illinois State +1.5",
      "result": "loss"
    },
    {
      "date": "2025-11-06",
      "balance": 10354.83,
      "profit": 142.86,
      "description": "Jackson State +38.5",
      "result": "win"
    },
    {
      "date": "2025-11-06",
      "balance": 10154.83,
      "profit": -200,
      "description": "Drake/Robert Morris U150.5",
      "result": "loss"
    },
    {
      "date": "2025-11-07",
      "balance": 10278.83,
      "profit": 124,
      "description": "Barrett O3.5 assists",
      "result": "win"
    },
    {
      "date": "2025-11-07",
      "balance": 10128.83,
      "profit": -150,
      "description": "Joki\u0107 U12.5 rebounds",
      "result": "loss"
    },
    {
      "date": "2025-11-07",
      "balance": 10293.83,
      "profit": 165,
      "description": "Banchero O8.5 rebounds",
      "result": "win"
    },
    {
      "date": "2025-11-07",
      "balance": 10143.83,
      "profit": -150,
      "description": "Mitchell U26.5 points",
      "result": "loss"
    },
    {
      "date": "2025-11-07",
      "balance": 9993.83,
      "profit": -150,
      "description": "Thompson U16.5 points",
      "result": "loss"
    },
    {
      "date": "2025-11-07",
      "balance": 10147.68,
      "profit": 153.85,
      "description": "Giddey O8.5 assists",
      "result": "win"
    },
    {
      "date": "2025-11-08",
      "balance": 10047.68,
      "profit": -100,
      "description": "TCU -7.5",
      "result": "loss"
    },
    {
      "date": "2025-11-08",
      "balance": 10178.11,
      "profit": 130.43,
      "description": "Texas A&M -6.5",
      "result": "win"
    },
    {
      "date": "2025-11-08",
      "balance": 10359.93,
      "profit": 181.82,
      "description": "Oregon @ Iowa U41.5",
      "result": "win"
    },
    {
      "date": "2025-11-09",
      "balance": 10159.93,
      "profit": -200,
      "description": "Dowdle O19.5 rush attempts",
      "result": "loss"
    },
    {
      "date": "2025-11-09",
      "balance": 10009.93,
      "profit": -150,
      "description": "Smith-Njigba O96.5 receiving yards",
      "result": "loss"
    },
    {
      "date": "2025-11-09",
      "balance": 10111.93,
      "profit": 102,
      "description": "White O3.5 receptions",
      "result": "win"
    },
    {
      "date": "2025-11-09",
      "balance": 10011.93,
      "profit": -100,
      "description": "Jaguars @ Texans U37.5",
      "result": "loss"
    },
    {
      "date": "2025-11-09",
      "balance": 9911.93,
      "profit": -100,
      "description": "Judkins O81.5 rushing yards",
      "result": "loss"
    },
    {
      "date": "2025-11-09",
      "balance": 9836.93,
      "profit": -75,
      "description": "Collins Anytime TD",
      "result": "loss"
    },
    {
      "date": "2025-11-09",
      "balance": 9786.93,
      "profit": -50,
      "description": "Cook O84.5 rushing yards",
      "result": "loss"
    },
    {
      "date": "2025-11-09",
      "balance": 9917.36,
      "profit": 130.43,