{
  "balance": 9193.07,
  "startingBalance": 10000,
  "netPL": -806.9300000000003,
  "roi": -8.069300000000004,
  "record": {
    "wins": 32,
    "losses": 36,
    "total": 68
  },
  "winRate": 47.05882352941176,
  "unitsWon": -8.069300000000004,
  "asOfDate": "2025-11-18T12:00:00.000Z"
}